Date,Time,Open,High,Low,Close,Quantity,Average,Open â€“ Close,Gain,Loss,Avg Gain,Avg Loss,RSI
08-Feb-2019,0,757,772.25,747,760.9,24397205,0,,,,,,
01-Feb-2019,0,731,762.5,716.5,757.05,40570356,0,,,,,,
25-Jan-2019,0,738.2,751,721,730.35,35037791,0,,,,,,
18-Jan-2019,0,707,739,695.95,730.95,61449107,0,,,,,,
11-Jan-2019,0,665,689.8,661.5,683.5,56652573,0,,,,,,
04-Jan-2019,0,660,677,651,661.05,28449923,0,,,,,,
28-Dec-2018,0,657,663.5,637.35,656.95,34628877,0,,,,,,
21-Dec-2018,0,711.85,711.85,643.45,646.2,45602614,0,,,,,,
14-Dec-2018,0,669.9,713.7,660.6,706.05,36250362,0,,,,,,
07-Dec-2018,0,673.15,688.25,664.55,682.8,34859820,0,,,,,,
30-Nov-2018,0,621,674.9,599.85,667.45,68925793,0,,,,,,
22-Nov-2018,0,659,662,612.1,620.75,32395821,0,,,,,,
16-Nov-2018,0,666,676.4,640.5,650.85,32676089,0,,,,,,
09-Nov-2018,0,663.5,679,655.5,659.5,23228050,0,,,,,,
02-Nov-2018,0,633.7,692.95,631.5,662.25,40393163,0,,,,,,
26-Oct-2018,0,688.7,695.05,629.9,633.6,36507315,0,,,,,,
19-Oct-2018,0,688.6,721.8,678,683.55,48592837,0,,,,,,
12-Oct-2018,0,725.05,728.7,661.5,678.8,42797887,0,,,,,,
05-Oct-2018,0,737.5,754.9,702.5,724.6,30761477,0,,,,,,
28-Sep-2018,0,706.5,736,706.5,730.05,46922407,0,,,,,,
21-Sep-2018,0,735,740,692,705.3,32357053,0,,,,,,
14-Sep-2018,0,737.75,747,729.05,733.7,25126563,0,,,,,,
07-Sep-2018,0,724.5,748.5,715,732.8,47114694,0,,,,,,
31-Aug-2018,0,691.5,727.15,690.7,720.55,41540162,0,,,,,,
24-Aug-2018,0,694,703.98,686.75,689.15,39233540,0,,,,,,
17-Aug-2018,0,695,718.83,689.35,715.18,29148248,0,,,,,,
10-Aug-2018,0,683.03,694.73,673.75,692.73,28711860,0,,,,,,
03-Aug-2018,0,685,686.5,667.78,682.05,28940804,0,,,,,,
27-Jul-2018,0,676.08,696.9,668.13,686.73,34640320,0,,,,,,
20-Jul-2018,0,658.7,692.2,643.85,674.05,70249988,0,,,,,,
13-Jul-2018,0,648.5,671.05,639.53,658.7,57287716,0,,,,,,
06-Jul-2018,0,657,678.95,634.05,642.13,46218576,0,,,,,,
29-Jun-2018,0,628.58,657.5,627,653.6,40130242,0,,,,,,
22-Jun-2018,0,642,645.63,618,623.93,31274256,0,,,,,,
15-Jun-2018,0,632.78,645.75,617.05,640.63,46334646,0,,,,,,
08-Jun-2018,0,610.55,631,606,630.03,26155306,0,,,,,,
01-Jun-2018,0,615.5,623.13,602.8,610.4,40170490,0,,,,,,
25-May-2018,0,589.78,624.33,585,614.15,42292574,0,,,,,,
18-May-2018,0,592.18,604,585,591.6,32908330,0,,,,,,
11-May-2018,0,590.63,595,580.53,590.38,20635588,0,,,,,,
04-May-2018,0,590.85,603.98,577.5,586.55,27162318,0,,,,,,
27-Apr-2018,0,584,607.2,572.6,592.6,60916486,0,,,,,,
20-Apr-2018,0,551,596.85,551,589.23,78371638,0,,,,,,
13-Apr-2018,0,562.5,592.95,552.7,585.73,63425918,0,,,,,,
06-Apr-2018,0,570.5,575.65,560,563.5,30664458,0,,,,,,
28-Mar-2018,0,583.45,583.45,563.13,565.9,25291132,0,,,,,,
23-Mar-2018,0,582,590.25,571.18,583.8,42594632,0,,,,,,
16-Mar-2018,0,588,598.5,584.55,585.95,44744058,0,,,,,,
09-Mar-2018,0,580.38,585.4,569.03,581.7,31475584,0,,,,,,
01-Mar-2018,0,575.5,594.75,562.83,580.38,35547902,0,,,,,,
23-Feb-2018,0,564.2,583,551.88,577.83,54741594,0,,,,,,
16-Feb-2018,0,557.4,570.83,545.1,564.03,32513642,0,,,,,,
09-Feb-2018,0,570,577.43,547.58,554.58,41944288,0,,,,,,
02-Feb-2018,0,583.28,598.13,559.28,571.63,51914952,0,,,,,,
25-Jan-2018,0,566.08,610.53,566,587.7,59207642,0,,,,,,
19-Jan-2018,0,540,582.45,532.55,571.73,78643552,0,,,,,,
12-Jan-2018,0,512.45,542.95,510.03,539.23,59803558,0,,,,,,
05-Jan-2018,0,518.85,522.25,503,506,38363730,0,,,,,,
29-Dec-2017,0,515,524.4,511.5,521.03,32814318,0,,,,,,
22-Dec-2017,0,505.95,522.4,499.2,519.68,39306774,0,,,,,,
15-Dec-2017,0,497.48,513.2,496.98,511.45,36229636,0,,,,,,
08-Dec-2017,0,490,503.5,484.28,500.93,48811226,0,,,,,,
01-Dec-2017,0,503.35,503.35,478.53,479.4,35824612,0,,,,,,
24-Nov-2017,0,484.5,509.65,478.63,504.78,47625296,0,,,,,,
17-Nov-2017,0,481.03,497.95,471.63,485.48,41523614,0,,,,,,
10-Nov-2017,0,461.58,482.18,461.33,481.03,35192008,0,,,,,,
03-Nov-2017,0,477.33,477.33,458.48,463.33,36941672,0,,,,,,
27-Oct-2017,0,465,478.85,457.63,473.18,79851772,0,,,,,,
19-Oct-2017,0,467.98,471,461.48,463.48,19707138,0,,,,,,
13-Oct-2017,0,460,469.98,457,465.05,34092256,0,,,,,,
06-Oct-2017,0,455.05,461,448.58,460.08,27124622,0,,,,,,
29-Sep-2017,0,450.5,454.2,444.55,449.95,45698414,0,,,,,,
22-Sep-2017,0,455,458.88,444,449.15,46085260,0,,,,,,
15-Sep-2017,0,445.2,456.63,436.83,454.13,69664690,0,,,,,,
08-Sep-2017,0,460.5,460.55,441.05,442.15,42542144,0,,,,,,
01-Sep-2017,0,471.98,476.98,455,459.98,93687538,0,,,,,,
24-Aug-2017,0,462,462,430,456.08,243314488,0,,,,,,
18-Aug-2017,0,494,514.63,442.1,461.63,200183770,0,,,,,,
11-Aug-2017,0,491.75,498.5,477.53,493.85,31685642,0,,,,,,
04-Aug-2017,0,495.95,510.85,488.03,491.88,41094596,0,,,,,,
28-Jul-2017,0,491.75,502,481.15,498.68,43920094,0,,,,,,
21-Jul-2017,0,487.5,502.4,483.48,490.05,34639202,0,,,,,,
14-Jul-2017,0,472.5,514.45,468.65,486.03,47159348,0,,,,,,
07-Jul-2017,0,470.55,485,466.53,467.7,24089484,0,,,,,,
30-Jun-2017,0,472.5,474,460.5,467.78,32940624,0,,,,,,
23-Jun-2017,0,469.98,484.35,464,471.63,31644380,0,,,,,,
16-Jun-2017,0,471.68,483.98,468,470.13,37444092,0,,,,,,
09-Jun-2017,0,485,494.45,461.5,474.3,45879444,0,,,,,,
02-Jun-2017,0,495.45,500,479.28,484.73,27215816,0,,,,,,
26-May-2017,0,479.2,500,474.8,497.85,30605838,0,,,,,,
19-May-2017,0,481.75,486.95,471.43,478.98,28658084,0,,,,,,
12-May-2017,0,469,483,466,482.13,27930250,0,,,,,,
05-May-2017,0,462,469.83,457.55,465.75,17603168,0,,,,,,
28-Apr-2017,0,458.75,467.78,455.1,459.48,32205132,0,,,,,,
21-Apr-2017,0,465,467.4,456.33,461.85,30059120,0,,,,,,
13-Apr-2017,0,492.45,495,463.33,465.7,55853878,0,,,,,,
07-Apr-2017,0,516.08,516.23,489.5,490.78,23497454,0,,,,,,
31-Mar-2017,0,513.6,520.93,504,511.13,45773840,0,,,,,,
24-Mar-2017,0,513.28,522,507.55,515.7,22673382,0,,,,,,
17-Mar-2017,0,511.4,521.45,503.75,520.15,30463176,0,,,,,,
10-Mar-2017,0,510.03,517.98,499.5,510.93,24141012,0,,,,,,
03-Mar-2017,0,503.65,517.15,500.2,515.6,23901386,0,,,,,,
23-Feb-2017,0,498.25,515.5,493.2,504.43,28415152,0,,,,,,
17-Feb-2017,0,486.43,506.95,481.43,500.05,47989638,0,,,,,,
10-Feb-2017,0,468.63,486,464.28,484.15,46475616,0,,,,,,
03-Feb-2017,0,468.75,475.75,452.18,468.05,67221750,0,,,,,,
27-Jan-2017,0,472.5,479,450.58,471.08,35387818,0,,,,,,
20-Jan-2017,0,482.5,482.73,473,474.35,41865650,0,,,,,,
13-Jan-2017,0,486.13,520,481.35,487.9,77859106,0,,,,,,
06-Jan-2017,0,505.55,506.48,484.03,486.13,38787812,0,,,,,,
30-Dec-2016,0,494,506,487.55,505.3,27111352,0,,,,,,
23-Dec-2016,0,503.05,511,484.75,494.23,33470698,0,,,,,,
16-Dec-2016,0,491.4,509.48,482.6,502.58,29985074,0,,,,,,
09-Dec-2016,0,482.95,504.08,479,494.68,25197712,0,,,,,,
02-Dec-2016,0,489.65,492.35,480.53,482.25,31056954,0,,,,,,
25-Nov-2016,0,463.45,492.5,453.48,488.75,51087504,0,,,,,,
18-Nov-2016,0,462,478.43,454.28,460,33205424,0,,,,,,
11-Nov-2016,0,492.5,493.88,450.5,460.78,36947050,0,,,,,,
04-Nov-2016,0,503.4,503.4,480.5,485.5,22940648,0,,,,,,
30-Oct-2016,0,518.75,521.35,496.58,501.05,25020772,0,,,,,,
21-Oct-2016,0,517.48,525.35,508.68,519.15,25311938,0,,,,,,
14-Oct-2016,0,508.5,541.35,498.13,513.58,48653550,0,,,,,,
07-Oct-2016,0,517.75,525.7,505.05,506.28,21040760,0,,,,,,
30-Sep-2016,0,521.38,524.95,512,518.03,33737158,0,,,,,,
23-Sep-2016,0,523,534.45,520,521.28,23089498,0,,,,,,
16-Sep-2016,0,512.63,532.25,512.63,530.08,26006620,0,,,,,,
09-Sep-2016,0,519.13,529.5,512,517.75,29786726,0,,,,,,
02-Sep-2016,0,508.8,522.88,505.5,515.93,26945952,0,,,,,,
26-Aug-2016,0,509,531.03,504.55,510.13,35467238,0,,,,,,
19-Aug-2016,0,521,529.03,509.23,510.65,37148740,0,,,,,,
12-Aug-2016,0,534.5,547.5,530,531.28,29900662,0,,,,,,
05-Aug-2016,0,535.75,543.93,530,534,32979870,0,,,,,,
29-Jul-2016,0,531.5,548.25,531.5,536.93,42506328,0,,,,,,
22-Jul-2016,0,538.63,545,527.58,536.23,52614904,0,,,,,,
15-Jul-2016,0,583.7,598.03,526,536.28,87039124,0,,,,,,
08-Jul-2016,0,588.1,597.3,576.75,579.1,20484262,0,,,,,,
01-Jul-2016,0,586.03,592.25,577.55,586.2,32037038,0,,,,,,
24-Jun-2016,0,590.5,607.43,580,597.28,25659522,0,,,,,,
17-Jun-2016,0,588.4,596.38,583,589.75,28756668,0,,,,,,
10-Jun-2016,0,632.45,638.5,585.05,590.3,37784318,0,,,,,,
03-Jun-2016,0,620.75,639.65,619.5,633.45,32960204,0,,,,,,
27-May-2016,0,601.7,629.75,588.8,623.75,24245602,0,,,,,,
20-May-2016,0,605.1,612.88,598.95,600.8,20535716,0,,,,,,
13-May-2016,0,591,608.33,590.3,603.63,21288266,0,,,,,,
06-May-2016,0,605,606.1,585.33,590.75,25152290,0,,,,,,
29-Apr-2016,0,606.03,621.18,600.55,604.05,32898664,0,,,,,,
22-Apr-2016,0,625,633.95,603.5,605.63,43673876,0,,,,,,
13-Apr-2016,0,582.9,597.48,575.55,586.35,24122202,0,,,,,,
08-Apr-2016,0,606.78,624,581.03,582.88,24152592,0,,,,,,
01-Apr-2016,0,616.2,618.5,595.78,602.73,47047432,0,,,,,,
23-Mar-2016,0,594,605.35,586,603.9,18569518,0,,,,,,
18-Mar-2016,0,573,599.5,564.48,596.7,31435414,0,,,,,,
11-Mar-2016,0,581.5,595.25,569.1,571.5,42363092,0,,,,,,
04-Mar-2016,0,564.75,596.43,534.15,585.33,31863112,0,,,,,,
26-Feb-2016,0,565.5,571.88,550.55,560.58,20029848,0,,,,,,
19-Feb-2016,0,548.13,567.1,536.85,563.63,22546614,0,,,,,,
12-Feb-2016,0,581.88,586.1,533.5,542.33,30289144,0,,,,,,
05-Feb-2016,0,585,597.48,576.38,587.35,26663364,0,,,,,,
29-Jan-2016,0,570.13,585,562.28,582.45,29571930,0,,,,,,
22-Jan-2016,0,569.95,581.05,558.5,568.13,38254064,0,,,,,,
15-Jan-2016,0,528.15,582,515.43,569.95,63940748,0,,,,,,
08-Jan-2016,0,549.98,551.23,523.95,531.65,22964280,0,,,,,,
01-Jan-2016,0,545,555,541.5,552.63,23776472,0,,,,,,
24-Dec-2015,0,538.5,553.7,532.98,548.18,12541248,0,,,,,,
18-Dec-2015,0,524.75,554.9,524.03,541.58,27922934,0,,,,,,
11-Dec-2015,0,527.65,531.38,511.28,526.4,28034440,0,,,,,,
04-Dec-2015,0,535,549.15,520.05,524.53,44281956,0,,,,,,
27-Nov-2015,0,525,535,518.5,533.18,24938598,0,,,,,,
20-Nov-2015,0,541.83,547,505.63,526.2,38740292,0,,,,,,
13-Nov-2015,0,560,570,545,550.4,15033900,0,,,,,,
06-Nov-2015,0,565,578.8,557.05,569.15,15736720,0,,,,,,
30-Oct-2015,0,577,579.25,565,567.73,23647162,0,,,,,,
23-Oct-2015,0,551,576.5,550.25,574.95,29447264,0,,,,,,
16-Oct-2015,0,599.5,609.9,542.6,547.45,69272000,0,,,,,,
09-Oct-2015,0,586.5,596.28,563.03,583.7,45639140,0,,,,,,
01-Oct-2015,0,569.98,598.88,548.75,586.53,38847920,0,,,,,,
24-Sep-2015,0,550,576.35,546.25,570.28,32135736,0,,,,,,
18-Sep-2015,0,549.5,558.95,541.33,552.23,30904078,0,,,,,,
11-Sep-2015,0,542.48,553.2,526.15,545.38,38035962,0,,,,,,
04-Sep-2015,0,567.43,567.43,533.5,536.98,46069868,0,,,,,,
28-Aug-2015,0,554.98,562.45,522.25,555.53,61908186,0,,,,,,
21-Aug-2015,0,575,593.1,558.75,574.95,33318656,0,,,,,,
14-Aug-2015,0,549,584.35,527.78,574.63,36632626,0,,,,,,
07-Aug-2015,0,539,552.75,525.5,547.8,34039852,0,,,,,,
31-Jul-2015,0,543.45,546,527.13,538.53,42187790,0,,,,,,
24-Jul-2015,0,500.7,574.5,493.7,543.8,67544002,0,,,,,,
17-Jul-2015,0,470.5,502.25,467.03,500.93,22949324,0,,,,,,
10-Jul-2015,0,492.5,495,466.33,468.75,30826492,0,,,,,,
03-Jul-2015,0,493.5,502.5,490,495.15,25486924,0,,,,,,
26-Jun-2015,0,502.45,514.38,493.83,502.63,32174428,0,,,,,,
19-Jun-2015,0,488.48,510.5,484,497.68,27016822,0,,,,,,
12-Jun-2015,0,505,511.19,488.88,493.76,39171016,0,,,,,,
05-Jun-2015,0,508.2,516,501.25,502.91,29509080,0,,,,,,
29-May-2015,0,512.63,514.14,488.75,505.79,47069140,0,,,,,,
22-May-2015,0,492.5,515.48,490.4,511.61,39572376,0,,,,,,
15-May-2015,0,491.25,500,477,490.44,31592676,0,,,,,,
08-May-2015,0,489.88,500.93,477.5,489.49,45836176,0,,,,,,
30-Apr-2015,0,500,500.5,483.08,485.56,51639456,0,,,,,,
24-Apr-2015,0,544,545,495,498.8,89515268,0,,,,,,
17-Apr-2015,0,559.5,561.25,538.36,544.81,26568248,0,,,,,,
10-Apr-2015,0,544.75,559.5,534.5,558.49,44174920,0,,,,,,
01-Apr-2015,0,551.4,568.41,539.43,543.49,19377988,0,,,,,,
27-Mar-2015,0,563.25,568.75,533,550.54,43801260,0,,,,,,
20-Mar-2015,0,552.64,570.5,552.64,564.36,30586144,0,,,,,,
13-Mar-2015,0,564.75,564.75,540.05,555.1,32963796,0,,,,,,
05-Mar-2015,0,575.75,578.48,558.34,561.9,22006688,0,,,,,,
28-Feb-2015,0,575,583.7,561.35,574.11,35017324,0,,,,,,
20-Feb-2015,0,570.08,584,564.54,570.78,31503292,0,,,,,,
13-Feb-2015,0,550,581.68,550,574.03,32795812,0,,,,,,
06-Feb-2015,0,535.38,561.95,525.5,557.63,38458176,0,,,,,,
30-Jan-2015,0,555.25,555.25,531.74,535.48,53077492,0,,,,,,
23-Jan-2015,0,530,556.25,523.65,553.76,38831880,0,,,,,,
16-Jan-2015,0,523,540,518.75,529.58,46514796,0,,,,,,
09-Jan-2015,0,502.48,527.25,478.26,518.61,85282504,0,,,,,,
02-Jan-2015,0,489.01,504.76,487.5,503.3,23183120,0,,,,,,
26-Dec-2014,0,501.5,505.48,478.76,488.06,48270292,0,,,,,,
19-Dec-2014,0,476.24,502,474.08,499.66,82855428,0,,,,,,
12-Dec-2014,0,502.25,504.75,478.75,484.66,207034012,0,,,,,,
05-Dec-2014,0,548.38,550.28,514.95,517.58,58529888,0,,,,,,
28-Nov-2014,0,525,549.75,523.99,544.98,65601112,0,,,,,,
21-Nov-2014,0,523.13,529.06,512.7,518.27,31737624,0,,,,,,
14-Nov-2014,0,521.88,526.43,512.14,523.96,27432008,0,,,,,,
07-Nov-2014,0,509.61,522.88,504.06,520.83,28789888,0,,,,,,
31-Oct-2014,0,481.25,508.25,470.63,506.41,43579464,0,,,,,,
23-Oct-2014,0,481.63,482.82,463.75,475.63,39787848,0,,,,,,
17-Oct-2014,0,486.16,498.13,479.64,481.46,42794904,0,,,,,,
10-Oct-2014,0,471.16,488.5,446.59,486.08,98717024,0,,,,,,
01-Oct-2014,0,462.63,482.49,460.14,480.91,21394376,0,,,,,,
26-Sep-2014,0,460,465.03,449.44,460.02,60979256,0,,,,,,
19-Sep-2014,0,458.13,473.49,452.95,462.76,41779616,0,,,,,,
12-Sep-2014,0,466.59,473.81,453.83,458.74,24835432,0,,,,,,
05-Sep-2014,0,451.26,474.38,444.44,466.34,31791360,0,,,,,,
28-Aug-2014,0,449.88,456.25,445.26,449.85,23209656,0,,,,,,
22-Aug-2014,0,451.5,451.5,441.25,450.13,26294856,0,,,,,,
14-Aug-2014,0,440.5,453.46,438.75,451.57,27249448,0,,,,,,
08-Aug-2014,0,419.38,451.04,418.66,435.33,53642344,0,,,,,,
01-Aug-2014,0,418.13,424.36,415.11,417.66,30600344,0,,,,,,
25-Jul-2014,0,406.88,424.88,398.51,419.03,38905896,0,,,,,,
18-Jul-2014,0,414.38,418.24,398.23,406.44,26005928,0,,,,,,
11-Jul-2014,0,408.13,429,406.33,415.83,58541520,0,,,,,,
04-Jul-2014,0,402.5,407.88,398.81,405.74,31330600,0,,,,,,
27-Jun-2014,0,412.5,413.62,396.09,402.93,37666952,0,,,,,,
20-Jun-2014,0,398.25,417.43,397.5,414.58,49412704,0,,,,,,
13-Jun-2014,0,375.75,412.13,372.01,398.38,72993824,0,,,,,,
06-Jun-2014,0,370.06,383.55,368.75,375.38,47598944,0,,,,,,
30-May-2014,0,383.88,398.5,360,367.43,85500936,0,,,,,,
23-May-2014,0,399.75,399.75,375.01,383.69,51736680,0,,,,,,
16-May-2014,0,389.78,417.5,382.38,397.19,42126840,0,,,,,,
09-May-2014,0,399,404.13,380.81,388.93,39700176,0,,,,,,
02-May-2014,0,396.13,405.88,395.63,402.46,23384272,0,,,,,,
25-Apr-2014,0,401.25,402.5,392.8,396.95,30726144,0,,,,,,
17-Apr-2014,0,416.53,423.5,393.44,399.01,42372600,0,,,,,,
11-Apr-2014,0,412.25,414.31,395.63,404.39,57703800,0,,,,,,
04-Apr-2014,0,410.66,419.5,403.76,414.51,32075480,0,,,,,,
28-Mar-2014,0,409.03,414.81,401.99,407.83,44913168,0,,,,,,
22-Mar-2014,0,425,426.49,404.84,412.01,48398864,0,,,,,,
14-Mar-2014,0,466.21,466.21,416.88,424.27,67455272,0,,,,,,
07-Mar-2014,0,478.13,481.24,463.54,467.54,40384648,0,,,,,,
28-Feb-2014,0,468.25,479.64,466.25,478.11,29648784,0,,,,,,
21-Feb-2014,0,460.63,470.25,455.88,468.84,39947296,0,,,,,,
14-Feb-2014,0,447.49,458,444.69,455.54,25642216,0,,,,,,
07-Feb-2014,0,460.63,461.5,442.63,445.82,26547576,0,,,,,,
31-Jan-2014,0,465,470.49,456.71,462.64,42863232,0,,,,,,
24-Jan-2014,0,464,474.88,463.06,469.77,43418096,0,,,,,,
17-Jan-2014,0,447.75,470.58,447.75,466.22,84952016,0,,,,,,
10-Jan-2014,0,446.89,447.56,427.23,443.91,70651392,0,,,,,,
03-Jan-2014,0,445.96,446.88,431.78,445.64,31384016,0,,,,,,
27-Dec-2013,0,437.5,446.5,432.57,445.16,30207808,0,,,,,,
20-Dec-2013,0,422.5,446.63,419.23,443.92,46031904,0,,,,,,
13-Dec-2013,0,420.63,423.73,415.13,421.73,41295344,0,,,,,,
06-Dec-2013,0,419,424.88,414.78,415.73,33017656,0,,,,,,
29-Nov-2013,0,419,422.35,408.13,419.32,32719544,0,,,,,,
22-Nov-2013,0,423.88,431,414.14,418.45,30824784,0,,,,,,
14-Nov-2013,0,418.75,424.75,414.51,419.28,23286424,0,,,,,,
08-Nov-2013,0,406.5,424.99,404.13,420.01,24833720,0,,,,,,
03-Nov-2013,0,414.65,420.62,408.68,409.93,30462192,0,,,,,,
25-Oct-2013,0,416.63,422.21,408.14,416.44,35645616,0,,,,,,
18-Oct-2013,0,407,420.88,407,414.32,43910816,0,,,,,,
11-Oct-2013,0,376.88,417.25,375.8,409.31,103875336,0,,,,,,
04-Oct-2013,0,377.53,381.88,374.69,377.05,36028928,0,,,,,,
27-Sep-2013,0,375.63,381.38,373.88,375.83,45103416,0,,,,,,
20-Sep-2013,0,378.13,382.24,372.51,374.39,45118800,0,,,,,,
13-Sep-2013,0,379,398.5,376.66,378.51,47237640,0,,,,,,
06-Sep-2013,0,384.64,392.49,374.39,378.63,43294752,0,,,,,,
30-Aug-2013,0,377.49,391.25,376.06,388.23,61191640,0,,,,,,
23-Aug-2013,0,373.76,379.56,365.26,375.09,39612648,0,,,,,,
16-Aug-2013,0,372,386.86,370.96,372.3,39227512,0,,,,,,
08-Aug-2013,0,374.85,378.13,367.5,370.57,30803592,0,,,,,,
02-Aug-2013,0,363.75,377.5,363.75,376.1,43159416,0,,,,,,
26-Jul-2013,0,352.78,369.13,352.75,364.16,31872224,0,,,,,,
19-Jul-2013,0,348.13,358.13,335.13,355.93,55232360,0,,,,,,
12-Jul-2013,0,310.63,363.2,307.56,350.53,89469952,0,,,,,,
05-Jul-2013,0,308.63,310.44,299.08,307.03,24217912,0,,,,,,
28-Jun-2013,0,300.31,313.47,293.13,312.36,41072760,0,,,,,,
21-Jun-2013,0,301.43,307.5,292.84,302.34,25806536,0,,,,,,
14-Jun-2013,0,307.5,314.31,296.88,299.37,25912424,0,,,,,,
07-Jun-2013,0,315.63,328.13,301.99,305.85,64135992,0,,,,,,
31-May-2013,0,292.65,304.36,289.56,301.46,37563584,0,,,,,,
24-May-2013,0,293.25,304.13,291.75,293.49,29453320,0,,,,,,
17-May-2013,0,294.38,296.59,289.16,293.97,31816088,0,,,,,,
11-May-2013,0,289.38,298.13,289.38,295.24,29563456,0,,,,,,
03-May-2013,0,275.75,290.5,273.25,288.49,36299776,0,,,,,,
26-Apr-2013,0,286.45,286.63,275.31,276.5,48163176,0,,,,,,
18-Apr-2013,0,286.25,294.63,275.5,286.96,109235224,0,,,,,,
12-Apr-2013,0,356.25,366.95,283.59,287.08,136155048,0,,,,,,
05-Apr-2013,0,363.84,374.94,356.25,358.23,37371320,0,,,,,,
28-Mar-2013,0,355.65,362.12,354.08,361.17,20800488,0,,,,,,
22-Mar-2013,0,358.28,361.81,353.44,357.9,44727976,0,,,,,,
15-Mar-2013,0,372.73,373.75,355.36,359.78,36903464,0,,,,,,
08-Mar-2013,0,365.75,376.23,359.02,371.28,49364000,0,,,,,,
01-Mar-2013,0,358.75,371.18,358.45,364.23,49883688,0,,,,,,
22-Feb-2013,0,347.88,356.88,345.38,355.07,27205632,0,,,,,,
15-Feb-2013,0,350.16,353.5,342.72,348.58,30248328,0,,,,,,
08-Feb-2013,0,347.63,352.09,343.13,348.68,38950640,0,,,,,,
01-Feb-2013,0,351.5,353.45,344,346.37,45105808,0,,,,,,
25-Jan-2013,0,345.38,353.5,345.38,351.83,38122384,0,,,,,,
18-Jan-2013,0,344.98,354.62,344.03,348.51,102021128,0,,,,,,
11-Jan-2013,0,293.89,340.25,288.65,339.01,131532600,0,,,,,,
04-Jan-2013,0,289.38,294.37,287.94,293.69,29815056,0,,,,,,
28-Dec-2012,0,290.14,291.36,284.58,290.4,22762040,0,,,,,,
21-Dec-2012,0,283.38,290.16,280.63,287.11,44611280,0,,,,,,
14-Dec-2012,0,290.12,293,283.25,284.85,52049136,0,,,,,,
07-Dec-2012,0,304.63,306.63,288.89,290.14,44206136,0,,,,,,
30-Nov-2012,0,298.84,310,298.84,304.61,26921168,0,,,,,,
23-Nov-2012,0,293,299.88,289.1,297.19,25771288,0,,,,,,
16-Nov-2012,0,294.38,298.38,284.85,292.92,27085600,0,,,,,,
09-Nov-2012,0,297.89,301.75,293.13,293.59,27638312,0,,,,,,
02-Nov-2012,0,290.13,300.58,288.41,298.51,31042432,0,,,,,,
26-Oct-2012,0,296.03,299.75,290.13,291.2,23987072,0,,,,,,
19-Oct-2012,0,298.21,301.5,293.14,297.92,48909264,0,,,,,,
12-Oct-2012,0,315.6,322.51,288.88,299.42,94762040,0,,,,,,
05-Oct-2012,0,318.91,327.53,257.57,315.86,35446192,0,,,,,,
28-Sep-2012,0,325,326.38,315.78,316.87,49701792,0,,,,,,
21-Sep-2012,0,331.13,331.25,318.38,324.16,40962480,0,,,,,,
14-Sep-2012,0,312,330.59,309.33,329.01,33740104,0,,,,,,
08-Sep-2012,0,295.75,312.49,291.53,312,24999776,0,,,,,,
31-Aug-2012,0,303.78,306.43,294.34,295.21,36160288,0,,,,,,
24-Aug-2012,0,295.63,310.38,295.63,305.6,38802672,0,,,,,,
17-Aug-2012,0,287.66,294.38,286.17,293.88,20281648,0,,,,,,
10-Aug-2012,0,277.78,290.13,275.93,289.13,29322016,0,,,,,,
03-Aug-2012,0,270,279.5,269.69,276.06,22644968,0,,,,,,
27-Jul-2012,0,275,276.5,262.66,268.58,39918680,0,,,,,,
20-Jul-2012,0,278.75,281.25,270.29,277.34,55883712,0,,,,,,
13-Jul-2012,0,302.64,312.8,277.25,278.73,112343648,0,,,,,,
06-Jul-2012,0,312.88,314.85,305,305.58,28662744,0,,,,,,
29-Jun-2012,0,309.36,314.88,303.69,313.65,43934936,0,,,,,,
22-Jun-2012,0,316.88,318.04,303.31,309.31,33018032,0,,,,,,
15-Jun-2012,0,303.38,316.5,300.28,315.32,28041096,0,,,,,,
08-Jun-2012,0,296.75,311.11,293.13,302.41,31793904,0,,,,,,
01-Jun-2012,0,299.25,319,295.33,298.65,46091424,0,,,,,,
25-May-2012,0,298.11,298.61,288.4,296.61,27927776,0,,,,,,
18-May-2012,0,290.03,303.63,287.77,297.86,38520432,0,,,,,,
11-May-2012,0,301.13,306.1,286.51,288.91,50720120,0,,,,,,
04-May-2012,0,299,312.25,298.79,305.24,43195912,0,,,,,,
28-Apr-2012,0,298.75,300.54,274.79,299.48,127507592,0,,,,,,
20-Apr-2012,0,300,303.55,291.63,300.93,104964928,0,,,,,,
13-Apr-2012,0,354.69,357.42,298.64,300.32,109025440,0,,,,,,
04-Apr-2012,0,358,361.09,355.13,356.39,15557312,0,,,,,,
30-Mar-2012,0,358.63,362.97,345.98,358.29,40397144,0,,,,,,
23-Mar-2012,0,361.88,362.5,350.38,359.09,32699952,0,,,,,,
16-Mar-2012,0,364.38,364.38,347.63,358.12,40889352,0,,,,,,
09-Mar-2012,0,357.26,362.88,349.59,356.91,30683520,0,,,,,,
03-Mar-2012,0,370.63,370.63,350.63,357.26,39787016,0,,,,,,
24-Feb-2012,0,366.25,374.25,363.15,368.51,35473744,0,,,,,,
17-Feb-2012,0,346.91,372.25,344.64,368.48,38103936,0,,,,,,
10-Feb-2012,0,350.64,352.76,339.21,348.8,37165272,0,,,,,,
03-Feb-2012,0,337.36,349,336.25,347.91,47692144,0,,,,,,
27-Jan-2012,0,323.75,341.88,323.63,340.63,33578304,0,,,,,,
20-Jan-2012,0,322.66,334.1,322.04,323.6,52917632,0,,,,,,
13-Jan-2012,0,355.94,361.86,319.03,323.03,103110304,0,,,,,,
07-Jan-2012,0,344.9,360.87,342.75,354.4,37047680,0,,,,,,
30-Dec-2011,0,336.38,350.5,336.38,345.96,31412000,0,,,,,,
23-Dec-2011,0,336.25,344.35,331.25,336.84,50724392,0,,,,,,
16-Dec-2011,0,339.99,348.6,333.13,340.56,54254224,0,,,,,,
09-Dec-2011,0,336.25,346.55,332.53,338.79,33404912,0,,,,,,
02-Dec-2011,0,327.51,339.43,320.13,336.77,47166424,0,,,,,,
25-Nov-2011,0,340,345.61,323.33,324.96,58272424,0,,,,,,
18-Nov-2011,0,351.27,354.05,340,342.6,27388592,0,,,,,,
11-Nov-2011,0,351.88,358.41,326.34,346.96,22228208,0,,,,,,
04-Nov-2011,0,357,362.22,345.9,353.24,41938984,0,,,,,,
28-Oct-2011,0,343.75,371.42,342.65,357.33,48450856,0,,,,,,
21-Oct-2011,0,345.14,345.61,335.94,340.33,47230944,0,,,,,,
14-Oct-2011,0,318.13,344.59,311.25,342.97,111561912,0,,,,,,
07-Oct-2011,0,311.25,321.86,301.7,313.59,46953192,0,,,,,,
30-Sep-2011,0,293.13,321.24,287.64,316.63,70934072,0,,,,,,
23-Sep-2011,0,299.88,306.86,290.13,292.35,42456104,0,,,,,,
16-Sep-2011,0,276,307.24,272.58,299.39,60807920,0,,,,,,
09-Sep-2011,0,286.71,294.25,277.78,284.29,58296648,0,,,,,,
02-Sep-2011,0,279.88,298.13,279,289.9,38326352,0,,,,,,
26-Aug-2011,0,276.74,287.83,270.19,275.32,89333368,0,,,,,,
19-Aug-2011,0,303.75,308.51,271.45,278.09,58251896,0,,,,,,
12-Aug-2011,0,312.5,312.5,292.79,296.9,69280256,0,,,,,,
05-Aug-2011,0,347.51,352.98,315.63,323.9,38961528,0,,,,,,
29-Jul-2011,0,352.25,354.49,340.68,346.99,41998400,0,,,,,,
22-Jul-2011,0,341.88,355.5,338.42,353.53,37602504,0,,,,,,
15-Jul-2011,0,369.24,372.01,340,341.42,69481192,0,,,,,,
08-Jul-2011,0,370.83,377.99,365.75,372.07,25399808,0,,,,,,
01-Jul-2011,0,353.96,371.24,352.53,366.77,37756144,0,,,,,,
24-Jun-2011,0,346.04,359.71,331.56,357.49,41004024,0,,,,,,
17-Jun-2011,0,356.06,360.44,341.41,346.21,39093296,0,,,,,,
10-Jun-2011,0,352.75,363,349.39,357.79,29102776,0,,,,,,
03-Jun-2011,0,350.76,355.35,345.13,352.03,48794496,0,,,,,,
27-May-2011,0,355.98,357.98,344.58,348.44,40220880,0,,,,,,
20-May-2011,0,359.5,360.29,350.38,356.23,39695968,0,,,,,,
13-May-2011,0,363.75,365.61,358.44,359.79,29500456,0,,,,,,
06-May-2011,0,364.88,369.64,354.63,361.63,68218520,0,,,,,,
29-Apr-2011,0,364.38,370.58,360.99,363.28,83413088,0,,,,,,
21-Apr-2011,0,364.88,370.88,360,363.75,102200896,0,,,,,,
15-Apr-2011,0,399.41,414.64,372.19,373.69,100088704,0,,,,,,
08-Apr-2011,0,403.13,412.38,400.93,403.41,27078664,0,,,,,,
01-Apr-2011,0,392.38,408.13,388.72,402.27,51953568,0,,,,,,
25-Mar-2011,0,368.93,398.13,363.04,395.38,39845584,0,,,,,,
18-Mar-2011,0,379.38,388.5,366.58,367.64,33979872,0,,,,,,
11-Mar-2011,0,379.5,391.6,377.53,381.74,33265152,0,,,,,,
04-Mar-2011,0,377.75,391.85,370.93,382.78,45234872,0,,,,,,
25-Feb-2011,0,387.5,397.23,370.75,375.91,49414224,0,,,,,,
18-Feb-2011,0,380.5,393.13,380.06,387.54,24994672,0,,,,,,
11-Feb-2011,0,384.36,394.96,377.54,380.11,40335568,0,,,,,,
04-Feb-2011,0,392.31,395.5,378.3,380.99,40235072,0,,,,,,
28-Jan-2011,0,405,413.11,392.58,396.02,42822216,0,,,,,,
21-Jan-2011,0,400,416.96,398.91,405.48,36809544,0,,,,,,
14-Jan-2011,0,421.88,430.39,398.13,400.54,65419736,0,,,,,,
07-Jan-2011,0,430.5,437.38,419.54,421.34,29933760,0,,,,,,
31-Dec-2010,0,419.63,431.75,419.63,430.34,24900536,0,,,,,,
24-Dec-2010,0,406.51,422.73,406.5,421.27,35185008,0,,,,,,
16-Dec-2010,0,393.63,412.5,384.38,411.66,27546200,0,,,,,,
10-Dec-2010,0,391.25,399.38,389.25,393.03,33116504,0,,,,,,
03-Dec-2010,0,383.13,393.49,376.53,390.63,32506144,0,,,,,,
26-Nov-2010,0,371.42,388.88,368.78,380.26,45246672,0,,,,,,
19-Nov-2010,0,375.38,380.62,367.53,370.48,27018640,0,,,,,,
12-Nov-2010,0,385.5,388.13,373.63,374.73,33462760,0,,,,,,
05-Nov-2010,0,372.88,386.5,372.88,385.21,18745736,0,,,,,,
29-Oct-2010,0,382.35,384.36,368,371.46,46341176,0,,,,,,
22-Oct-2010,0,385.06,389.86,372.51,381.64,54340328,0,,,,,,
15-Oct-2010,0,385.04,404.75,381.29,384.54,57207696,0,,,,,,
08-Oct-2010,0,389,395.25,379.63,384.54,31996152,0,,,,,,
01-Oct-2010,0,381.88,388.76,375.13,387.77,44144712,0,,,,,,
24-Sep-2010,0,371.88,383.13,371.63,381.14,45029224,0,,,,,,
17-Sep-2010,0,361.25,382.5,360.25,371.27,46467752,0,,,,,,
09-Sep-2010,0,348.28,362.5,348.2,361.88,31690352,0,,,,,,
03-Sep-2010,0,339.92,351.75,333.29,347.18,33644448,0,,,,,,
27-Aug-2010,0,346.5,351.25,335.18,338.74,28070176,0,,,,,,
20-Aug-2010,0,345,353.13,341.25,346.2,25913960,0,,,,,,
13-Aug-2010,0,356.06,360.36,344.25,347.16,26893536,0,,,,,,
06-Aug-2010,0,350,363.35,346.19,357.98,26056616,0,,,,,,
30-Jul-2010,0,348.75,355,345,348.55,21375624,0,,,,,,
23-Jul-2010,0,343.63,358.76,340.88,348.31,28286384,0,,,,,,
16-Jul-2010,0,356.26,363.75,342.13,347.13,64827248,0,,,,,,
09-Jul-2010,0,341.25,360.06,340,359.23,29550016,0,,,,,,
02-Jul-2010,0,346.25,352.13,339.5,340.94,34073904,0,,,,,,
25-Jun-2010,0,349.93,354.21,339.73,347.21,32538296,0,,,,,,
18-Jun-2010,0,331.26,351.88,331.26,348.28,37390696,0,,,,,,
11-Jun-2010,0,338.75,338.75,327.06,328.84,34960528,0,,,,,,
04-Jun-2010,0,341.88,342.25,327.2,341.12,29828280,0,,,,,,
28-May-2010,0,326.38,335.55,313.76,334.68,41999776,0,,,,,,
21-May-2010,0,329.38,332.5,319.79,322.72,40890736,0,,,,,,
14-May-2010,0,327.5,340.88,327.5,331.49,32371784,0,,,,,,
07-May-2010,0,338.5,339.37,325.88,327.11,40899992,0,,,,,,
30-Apr-2010,0,341.26,344.85,334.38,342.27,32666024,0,,,,,,
23-Apr-2010,0,346.83,348.74,336.63,340.87,37659792,0,,,,,,
16-Apr-2010,0,335.74,353.09,329.38,348.58,94600520,0,,,,,,
09-Apr-2010,0,334.88,337.21,327.18,334.53,36536600,0,,,,,,
01-Apr-2010,0,344.75,346.25,325.83,333.81,45888744,0,,,,,,
26-Mar-2010,0,344.01,358.75,342.86,346.86,33214296,0,,,,,,
19-Mar-2010,0,331.8,349.38,329.5,346.54,44321792,0,,,,,,
12-Mar-2010,0,331.63,338,327.23,334.16,31430040,0,,,,,,
05-Mar-2010,0,328.94,334.56,325.5,329.46,26179680,0,,,,,,
26-Feb-2010,0,319.39,328.75,318.88,325.24,34344384,0,,,,,,
19-Feb-2010,0,313.38,320.8,309.36,316.55,31080096,0,,,,,,
11-Feb-2010,0,296.86,314.77,293.06,312.31,33281744,0,,,,,,
06-Feb-2010,0,305.88,316.25,291.13,297.43,48804376,0,,,,,,
29-Jan-2010,0,318.75,321.24,300.6,309.44,44084720,0,,,,,,
22-Jan-2010,0,332.88,336.25,319,321.95,38238880,0,,,,,,
15-Jan-2010,0,309.39,337.86,309.25,334.48,65876784,0,,,,,,
08-Jan-2010,0,326.25,335.38,307.25,308.03,41323992,0,,,,,,
31-Dec-2009,0,324.39,326.75,320.41,325.14,20507592,0,,,,,,
24-Dec-2009,0,310.36,325,309.59,323.98,30819976,0,,,,,,
18-Dec-2009,0,306.88,321.49,306.26,315.74,46883560,0,,,,,,
11-Dec-2009,0,299.36,311.08,296.88,307.59,34529632,0,,,,,,
04-Dec-2009,0,294.08,303.38,293.78,297.95,35993320,0,,,,,,
27-Nov-2009,0,302.61,307.13,288.39,290.98,32820016,0,,,,,,
20-Nov-2009,0,295.93,306.13,291.91,303.34,34718768,0,,,,,,
13-Nov-2009,0,278.75,296.81,275,294.96,35941720,0,,,,,,
06-Nov-2009,0,275.38,282.5,266.26,277.33,40431280,0,,,,,,
30-Oct-2009,0,283.18,287.49,267.77,275.78,66173224,0,,,,,,
23-Oct-2009,0,274.88,284.38,271.28,282.5,53140592,0,,,,,,
17-Oct-2009,0,273.75,286,272.18,274.18,33658640,0,,,,,,
09-Oct-2009,0,289.38,294.08,270.83,272.2,77283632,0,,,,,,
01-Oct-2009,0,284.89,293.75,283,292.09,29872312,0,,,,,,
25-Sep-2009,0,294.91,302.63,279.14,280.06,89576152,0,,,,,,
18-Sep-2009,0,278.48,298.5,278.48,295.53,39055080,0,,,,,,
11-Sep-2009,0,276.88,284.36,272.13,283.43,42018192,0,,,,,,
04-Sep-2009,0,270.7,277,265,275.13,52741328,0,,,,,,
28-Aug-2009,0,257.49,275.5,254.38,273.83,48786888,0,,,,,,
21-Aug-2009,0,253.13,255.63,241.88,254.14,43818960,0,,,,,,
14-Aug-2009,0,256.25,264.38,249.5,255.29,45299344,0,,,,,,
07-Aug-2009,0,258,263.38,252.63,254.96,51256256,0,,,,,,
31-Jul-2009,0,250,259.88,243.03,258.04,77336512,0,,,,,,
24-Jul-2009,0,233.76,252.13,233.76,250.46,81244232,0,,,,,,
17-Jul-2009,0,214.1,234.25,212.64,233.29,57435504,0,,,,,,
10-Jul-2009,0,226.25,227.43,208.13,215.14,70386432,0,,,,,,
03-Jul-2009,0,232.49,258.75,218.46,225.64,44055312,0,,,,,,
26-Jun-2009,0,222.53,230,212.63,228.39,58418120,0,,,,,,
19-Jun-2009,0,215.61,223.14,209.54,221.3,67292480,0,,,,,,
12-Jun-2009,0,212.25,230.55,211.5,216.06,71612168,0,,,,,,
05-Jun-2009,0,201.92,214.38,200.13,212.36,64867608,0,,,,,,
29-May-2009,0,191.25,203.63,186.32,200.64,66794360,0,,,,,,
22-May-2009,0,213.13,238.86,185.63,190.29,106508776,0,,,,,,
15-May-2009,0,190,200.88,186.53,199.1,45102984,0,,,,,,
08-May-2009,0,190.01,204.49,187.65,190.09,80402184,0,,,,,,
29-Apr-2009,0,180.99,189.71,176.88,188.66,34488032,0,,,,,,
24-Apr-2009,0,173.13,182.46,169.38,181.08,57174680,0,,,,,,
17-Apr-2009,0,179.38,183.37,162.52,174.66,114279504,0,,,,,,
09-Apr-2009,0,180.41,183.63,169.56,178.38,48724440,0,,,,,,
02-Apr-2009,0,165,179.38,158.21,177.43,53325256,0,,,,,,
27-Mar-2009,0,162.53,174.64,161.9,168.11,76734512,0,,,,,,
20-Mar-2009,0,162.88,165.43,157.13,162.03,60993768,0,,,,,,
13-Mar-2009,0,150.64,162.49,148.76,162.13,41026768,0,,,,,,
06-Mar-2009,0,152.25,154.75,143.94,152.42,46499360,0,,,,,,
27-Feb-2009,0,144.38,155,143.19,153.91,48232440,0,,,,,,
20-Feb-2009,0,157.49,157.5,139.42,147.14,55526232,0,,,,,,
13-Feb-2009,0,158.5,165.63,155.51,156.46,55972416,0,,,,,,
06-Feb-2009,0,161.5,163.28,154.69,161.11,72127024,0,,,,,,
30-Jan-2009,0,152.38,164.88,151.88,163.33,55328456,0,,,,,,
23-Jan-2009,0,158.38,159.09,148.82,150.58,42690216,0,,,,,,
16-Jan-2009,0,143.96,164.25,139.88,158.43,154853544,0,,,,,,
09-Jan-2009,0,142.5,158.33,142.46,150.43,85525608,0,,,,,,
02-Jan-2009,0,138.76,145.63,133.13,141.51,46411784,0,,,,,,
26-Dec-2008,0,150,152.78,138.13,138.66,36289768,0,,,,,,
19-Dec-2008,0,140,150,135.63,148.91,72266072,0,,,,,,
12-Dec-2008,0,144.4,150.84,134.65,138.11,75677032,0,,,,,,
05-Dec-2008,0,156.25,162.34,140.33,141.81,72956528,0,,,,,,
28-Nov-2008,0,141.88,156.88,140.01,155.48,62350056,0,,,,,,
21-Nov-2008,0,151.88,155.5,136.25,148.08,79688368,0,,,,,,
14-Nov-2008,0,160.63,169.36,148.5,151.65,48968840,0,,,,,,
07-Nov-2008,0,175.14,180.88,150.27,157.85,81370568,0,,,,,,
31-Oct-2008,0,153.75,179.99,145,173.62,78864616,0,,,,,,
24-Oct-2008,0,155,174.25,150,155.76,84003752,0,,,,,,
17-Oct-2008,0,156.25,176.44,148.78,150.34,73416840,0,,,,,,
10-Oct-2008,0,170,173.75,130,153.15,91564848,0,,,,,,
03-Oct-2008,0,180.64,183.38,165,173.99,80829136,0,,,,,,
26-Sep-2008,0,205.63,207.54,179.51,180.86,73757976,0,,,,,,
19-Sep-2008,0,205,205.87,177.66,203.12,109225344,0,,,,,,
12-Sep-2008,0,219.13,221.53,204.66,205.5,67356680,0,,,,,,
05-Sep-2008,0,218.75,225.63,212.74,214.04,52167936,0,,,,,,
29-Aug-2008,0,217.5,218.75,211.25,218.64,52685816,0,,,,,,
22-Aug-2008,0,212.63,217.13,205.78,212.06,34334472,0,,,,,,
14-Aug-2008,0,211.88,214.63,198.2,211.69,69963112,0,,,,,,
08-Aug-2008,0,204.75,216.75,202.26,209.95,67823712,0,,,,,,
01-Aug-2008,0,194.16,205.81,188.49,204.93,63975320,0,,,,,,
25-Jul-2008,0,191.75,206.26,184.39,193.83,69147816,0,,,,,,
18-Jul-2008,0,207.53,208.75,187.88,193.43,98256640,0,,,,,,
11-Jul-2008,0,222.5,235.63,205.19,209.61,104166512,0,,,,,,
04-Jul-2008,0,214.38,230.5,213.13,219.48,60227520,0,,,,,,
27-Jun-2008,0,226.95,233.35,211.88,213.18,71371352,0,,,,,,
20-Jun-2008,0,236.99,243.75,227,228.38,52183224,0,,,,,,
13-Jun-2008,0,242.63,246.25,224.56,233.33,69716664,0,,,,,,
06-Jun-2008,0,247.5,255.81,231.64,249.19,79019656,0,,,,,,
30-May-2008,0,226.25,247.25,223.88,245.35,90662960,0,,,,,,
23-May-2008,0,233.13,239.13,226.88,228.59,46504744,0,,,,,,
16-May-2008,0,221.18,239.41,211.92,233.93,96421504,0,,,,,,
09-May-2008,0,223.38,232.38,217,218.67,79610656,0,,,,,,
02-May-2008,0,211.25,226.25,205.14,223.43,80944968,0,,,,,,
25-Apr-2008,0,209.88,214.63,197.5,210.54,82494080,0,,,,,,
17-Apr-2008,0,180,211.25,177.5,207.39,103933424,0,,,,,,
11-Apr-2008,0,187.38,191.05,176.63,177.74,78775760,0,,,,,,
04-Apr-2008,0,185.25,191.25,175.51,185.68,55445800,0,,,,,,
28-Mar-2008,0,169.66,193.36,167.9,190.15,76676664,0,,,,,,
19-Mar-2008,0,168.5,171.63,162.5,167.96,36200720,0,,,,,,
14-Mar-2008,0,176.75,184.83,163.88,171.28,52831000,0,,,,,,
07-Mar-2008,0,192.63,192.63,175.04,178.82,43725072,0,,,,,,
29-Feb-2008,0,199.85,210.93,190.13,193.53,44079032,0,,,,,,
22-Feb-2008,0,196.25,206.25,190.81,197.58,30962744,0,,,,,,
15-Feb-2008,0,193.75,206.26,187.63,195.68,53037400,0,,,,,,
08-Feb-2008,0,204.31,208.12,184.03,194.04,46686088,0,,,,,,
01-Feb-2008,0,184.25,201,175.91,199.33,52998424,0,,,,,,
25-Jan-2008,0,182.49,192.35,156.88,189.98,88270328,0,,,,,,
18-Jan-2008,0,199.88,201.25,181.37,183.55,57800736,0,,,,,,
11-Jan-2008,0,208.75,217.41,195.63,197.72,81631568,0,,,,,,
04-Jan-2008,0,225.13,225.63,210,211.86,32021904,0,,,,,,
28-Dec-2007,0,214.8,229.85,213.75,224.53,34112376,0,,,,,,
20-Dec-2007,0,206.25,215,191.71,211.94,36262304,0,,,,,,
14-Dec-2007,0,217.44,220.96,204.76,205.79,44155592,0,,,,,,
07-Dec-2007,0,200.31,218.66,198.58,215.29,77347008,0,,,,,,
30-Nov-2007,0,196.75,203.13,191.88,200.31,82734672,0,,,,,,
23-Nov-2007,0,206.25,206.25,189.66,194.69,84821672,0,,,,,,
16-Nov-2007,0,209.38,216.25,200.88,203.13,87869280,0,,,,,,
09-Nov-2007,0,237.5,241.09,211.26,212.64,51002416,0,,,,,,
02-Nov-2007,0,237.5,241.25,227.26,239.64,41081784,0,,,,,,
26-Oct-2007,0,232.25,239.75,228,231.03,55710968,0,,,,,,
19-Oct-2007,0,245.98,245.98,223.13,238.71,81576952,0,,,,,,
12-Oct-2007,0,250,267.74,237.98,241.21,100085200,0,,,,,,
05-Oct-2007,0,236.88,251.86,231.59,247.86,61479512,0,,,,,,
28-Sep-2007,0,228.5,243.75,218.56,236.59,95530504,0,,,,,,
21-Sep-2007,0,231.75,233.5,219.01,228.24,67318848,0,,,,,,
14-Sep-2007,0,236.56,238.09,226.64,229.64,40894336,0,,,,,,
07-Sep-2007,0,233.13,240.63,221.88,238.56,28303904,0,,,,,,
31-Aug-2007,0,229.88,236.75,227.04,231.82,43976424,0,,,,,,
24-Aug-2007,0,239.38,239.38,218.75,228.2,64497904,0,,,,,,
17-Aug-2007,0,246.25,246.25,217.89,231.82,52428264,0,,,,,,
10-Aug-2007,0,242.48,250.63,231.89,244.99,69654136,0,,,,,,
03-Aug-2007,0,250.98,254.38,236.56,239.58,43198248,0,,,,,,
27-Jul-2007,0,246.76,256.25,241.4,250.98,72131464,0,,,,,,
20-Jul-2007,0,243.13,252.38,241,248.28,59033816,0,,,,,,
13-Jul-2007,0,248.63,255.24,239.38,242.48,127716704,0,,,,,,
06-Jul-2007,0,243,247.09,230.84,246.48,45871752,0,,,,,,
29-Jun-2007,0,243.85,246.25,239.14,241.13,39307296,0,,,,,,
22-Jun-2007,0,253.13,253.63,241.88,243.85,44154584,0,,,,,,
15-Jun-2007,0,246.75,254.75,214.38,251.18,58493224,0,,,,,,
08-Jun-2007,0,243.75,246.88,230.86,243.86,74458688,0,,,,,,
01-Jun-2007,0,244.46,251.71,237.63,242.32,62207272,0,,,,,,
25-May-2007,0,248.26,249,238.13,248.19,79894280,0,,,,,,
18-May-2007,0,252.25,252.96,242,247.74,58437592,0,,,,,,
11-May-2007,0,259,259.38,243.88,250.08,56530632,0,,,,,,
04-May-2007,0,250.63,261.66,250.63,258.99,23781488,0,,,,,,
27-Apr-2007,0,259.97,259.97,248.88,250.64,53181888,0,,,,,,
20-Apr-2007,0,268.75,269.5,253.16,256.89,57285136,0,,,,,,
13-Apr-2007,0,245,266.5,245,260.86,85410568,0,,,,,,
05-Apr-2007,0,250,250,238.75,249.04,50512024,0,,,,,,
30-Mar-2007,0,263.13,263.13,244.89,252.33,77843248,0,,,,,,
23-Mar-2007,0,258.75,268.13,255.9,261.58,38950736,0,,,,,,
16-Mar-2007,0,265,267.99,251.53,255.93,61257864,0,,,,,,
09-Mar-2007,0,259.74,270.93,250,265.12,59120320,0,,,,,,
02-Mar-2007,0,279.25,280.88,256.25,261.69,71430296,0,,,,,,
23-Feb-2007,0,297.75,300,276.53,279.71,36855264,0,,,,,,
15-Feb-2007,0,291.88,301.88,282.71,297.87,32050152,0,,,,,,
09-Feb-2007,0,279.38,299.75,279.38,295.16,41234736,0,,,,,,
02-Feb-2007,0,279.38,285,276.54,283.19,28932200,0,,,,,,
25-Jan-2007,0,276.88,282.5,275.13,280.13,27087792,0,,,,,,
19-Jan-2007,0,279.12,281.25,273.13,275.29,43509264,0,,,,,,
12-Jan-2007,0,284.38,285,261.89,277.93,94981856,0,,,,,,
05-Jan-2007,0,281.63,290.63,279.76,284.38,35318136,0,,,,,,
29-Dec-2006,0,270.63,284.49,270.63,280.23,29780808,0,,,,,,
22-Dec-2006,0,279.75,282.5,266.88,271.73,54655976,0,,,,,,
15-Dec-2006,0,276.25,280,265.66,279.19,55608920,0,,,,,,
08-Dec-2006,0,274.75,285,272.64,274.44,52129816,0,,,,,,
01-Dec-2006,0,279.38,279.93,266.5,274.38,41269488,0,,,,,,
24-Nov-2006,0,271.25,283.13,269.03,279.44,65880328,0,,,,,,
17-Nov-2006,0,267.5,280.02,266.88,273.3,50323232,0,,,,,,
10-Nov-2006,0,261.24,269.75,256.94,267.48,48009424,0,,,,,,
03-Nov-2006,0,261.88,266.88,257.38,259.36,30119760,0,,,,,,
27-Oct-2006,0,262.5,264.38,254.38,261.57,25783256,0,,,,,,
21-Oct-2006,0,262.38,268.23,256.52,259.23,59722712,0,,,,,,
13-Oct-2006,0,233.13,262.49,231.31,261.13,98922624,0,,,,,,
06-Oct-2006,0,234.38,234.96,224.38,234.19,38591144,0,,,,,,
29-Sep-2006,0,228.63,234.75,226.5,231.21,28075024,0,,,,,,
22-Sep-2006,0,228.13,231.25,224.54,228.75,35708568,0,,,,,,
15-Sep-2006,0,225.14,230.13,215.01,226.33,43317008,0,,,,,,
08-Sep-2006,0,226.5,233.75,222.25,223.68,34940720,0,,,,,,
01-Sep-2006,0,220.84,227.38,218.13,226.31,33739344,0,,,,,,
25-Aug-2006,0,220.5,226.13,218.13,220.84,36141880,0,,,,,,
18-Aug-2006,0,219,223.13,201.25,220.25,28407280,0,,,,,,
11-Aug-2006,0,210,218.75,208.74,217.78,40170376,0,,,,,,
04-Aug-2006,0,205.63,214.63,204.58,210.08,62057488,0,,,,,,
28-Jul-2006,0,199.96,208.43,196.5,203.78,54129112,0,,,,,,
21-Jul-2006,0,205.13,212.34,197.56,200.26,55745016,0,,,,,,
14-Jul-2006,0,199.31,224.88,193.82,206.09,118495320,0,,,,,,
07-Jul-2006,0,192.81,202.5,191.4,194.06,54603200,0,,,,,,
30-Jun-2006,0,187.44,195.63,177.63,192.43,62222832,0,,,,,,
25-Jun-2006,0,175,188.75,173.44,186.85,66651408,0,,,,,,
16-Jun-2006,0,175,182.11,153.13,175.07,106379584,0,,,,,,
09-Jun-2006,0,182.38,182.75,162.83,174.67,84480848,0,,,,,,
02-Jun-2006,0,183.75,192.81,175.32,180.38,82511680,0,,,,,,
26-May-2006,0,189.04,193.61,173.21,183.39,97335936,0,,,,,,
19-May-2006,0,199.38,206.25,183.25,185.9,75419568,0,,,,,,
12-May-2006,0,202.19,205.31,198.82,202.64,39946624,0,,,,,,
05-May-2006,0,199.34,203.06,196.2,200.76,43464176,0,,,,,,
29-Apr-2006,0,206.88,206.88,187.56,198.58,98568592,0,,,,,,
21-Apr-2006,0,195.31,209.81,193.76,206.36,109757568,0,,,,,,
13-Apr-2006,0,201.19,204.38,186.38,188.68,85515312,0,,,,,,
07-Apr-2006,0,187.5,215.56,187.5,197.94,121296848,0,,,,,,
31-Mar-2006,0,181.88,192.13,179.38,186.34,73839056,0,,,,,,
24-Mar-2006,0,179.69,187.38,179.69,181.02,64012608,0,,,,,,
17-Mar-2006,0,182.88,187.34,179.07,179.87,66959056,0,,,,,,
10-Mar-2006,0,176.5,182.75,173.31,182.09,90501888,0,,,,,,
03-Mar-2006,0,173.13,182.38,172.96,176.52,92931776,0,,,,,,
24-Feb-2006,0,174.06,177.73,171.88,172.35,61076944,0,,,,,,
17-Feb-2006,0,178.88,180,171.63,174.09,84343584,0,,,,,,
10-Feb-2006,0,174.38,182.5,174.08,179.02,65168864,0,,,,,,
03-Feb-2006,0,181.25,182.81,173.83,174.18,50844256,0,,,,,,
27-Jan-2006,0,175.13,181.93,171.01,181.43,64702928,0,,,,,,
20-Jan-2006,0,176.89,179.06,168.76,175.85,88013760,0,,,,,,
13-Jan-2006,0,191.88,192.49,172.69,177.79,131533296,0,,,,,,
06-Jan-2006,0,187.94,191.88,185.81,190.83,51725232,0,,,,,,
30-Dec-2005,0,186.38,189.38,182.57,187.3,50842000,0,,,,,,
23-Dec-2005,0,183.38,189.69,183.38,186.32,46748112,0,,,,,,
16-Dec-2005,0,180.19,187.63,178.94,186.39,94267568,0,,,,,,
09-Dec-2005,0,179.06,180.56,173.26,179.6,62885120,0,,,,,,
02-Dec-2005,0,171.88,180.92,166.63,177.58,90746128,0,,,,,,
26-Nov-2005,0,169.94,172.5,166.13,171.56,69259936,0,,,,,,
18-Nov-2005,0,167.94,171.8,164.44,169.65,63183616,0,,,,,,
11-Nov-2005,0,158.38,168.63,158.38,167.57,68283808,0,,,,,,
02-Nov-2005,0,150.25,162.74,150.25,161.66,34214336,0,,,,,,
28-Oct-2005,0,160,160.92,150,150.96,61019920,0,,,,,,
21-Oct-2005,0,163.63,164.31,154.44,159.58,101608528,0,,,,,,
14-Oct-2005,0,164.06,170.63,161.38,162.59,101857536,0,,,,,,
07-Oct-2005,0,157.81,166.56,157.81,160.78,96974880,0,,,,,,
30-Sep-2005,0,151.19,160.06,149.78,157.21,77957216,0,,,,,,
23-Sep-2005,0,153.13,157.44,148.28,149.91,57430704,0,,,,,,
16-Sep-2005,0,151.56,154.5,150.97,152.93,43731696,0,,,,,,
09-Sep-2005,0,149.13,152.17,146.57,151.08,40644672,0,,,,,,
02-Sep-2005,0,142.81,153.28,140.63,149.11,61873600,0,,,,,,
26-Aug-2005,0,145,146.25,140.64,141.83,59283888,0,,,,,,
19-Aug-2005,0,140.76,145.56,139.38,143.84,51459104,0,,,,,,
12-Aug-2005,0,143.25,145.44,140.63,141.34,53974224,0,,,,,,
05-Aug-2005,0,137.63,148.88,137.63,143.22,60968368,0,,,,,,
29-Jul-2005,0,139.69,143.31,138.06,141.78,52619552,0,,,,,,
22-Jul-2005,0,137.26,145.07,136.07,139.92,74659776,0,,,,,,
15-Jul-2005,0,146.88,147.5,132.83,137.24,143576288,0,,,,,,
08-Jul-2005,0,146.88,150,144.17,145.93,60820080,0,,,,,,
01-Jul-2005,0,142.51,149.37,142.51,146.94,67836816,0,,,,,,
24-Jun-2005,0,143.44,150.87,139.67,144.57,101686144,0,,,,,,
17-Jun-2005,0,138.46,143.62,138.46,143.01,64339856,0,,,,,,
10-Jun-2005,0,139.71,144.06,137.5,138.27,58615648,0,,,,,,
04-Jun-2005,0,137.26,142.18,136.88,140.08,62825584,0,,,,,,
27-May-2005,0,134.25,141.53,131.95,139.52,100212768,0,,,,,,
20-May-2005,0,127.5,134.38,124.57,133.78,91687184,0,,,,,,
13-May-2005,0,127.44,132.44,124.69,127.06,82951408,0,,,,,,
06-May-2005,0,118.56,126.88,118.56,126.35,74191200,0,,,,,,
29-Apr-2005,0,126.13,126.13,117.28,117.93,91109024,0,,,,,,
22-Apr-2005,0,121.88,125.5,118.33,124.95,124093840,0,,,,,,
15-Apr-2005,0,133,133.75,120.94,122.32,83153984,0,,,,,,
08-Apr-2005,0,139.81,151.43,132.38,132.99,60726544,0,,,,,,
01-Apr-2005,0,135.94,144.69,133.88,139.74,59826560,0,,,,,,
24-Mar-2005,0,138.06,141.25,134.38,134.94,52787200,0,,,,,,
18-Mar-2005,0,138.13,140.06,134.06,137.5,51150800,0,,,,,,
11-Mar-2005,0,139.69,142.67,137.19,138.42,54868128,0,,,,,,
04-Mar-2005,0,138.06,140.61,134.38,139.64,71793968,0,,,,,,
25-Feb-2005,0,135.13,136.63,131.48,136.22,47878912,0,,,,,,
18-Feb-2005,0,132.5,137.84,131.31,135.29,77342016,0,,,,,,
11-Feb-2005,0,130,131.73,126.25,131.48,82686784,0,,,,,,
04-Feb-2005,0,128.81,132.49,127,130.34,83363616,0,,,,,,
28-Jan-2005,0,122.5,127.99,117.63,127.35,72531600,0,,,,,,
20-Jan-2005,0,123.88,126.25,120.13,122.8,68920752,0,,,,,,
14-Jan-2005,0,128.75,131.25,117.2,123.38,176764608,0,,,,,,
07-Jan-2005,0,132.44,149.88,124.69,128.18,102054208,0,,,,,,
31-Dec-2004,0,128.75,131.79,127.08,130.73,55894704,0,,,,,,
24-Dec-2004,0,131.86,133.71,126.31,129.08,70098576,0,,,,,,
17-Dec-2004,0,128.75,133.25,125.96,130.57,52968768,0,,,,,,
10-Dec-2004,0,127.5,129.63,124.38,127.09,76178144,0,,,,,,
03-Dec-2004,0,127.51,135.55,127.06,128.21,113392832,0,,,,,,
25-Nov-2004,0,128.06,128.06,125.38,126.85,39375584,0,,,,,,
19-Nov-2004,0,127.31,130.15,127,128.62,53234544,0,,,,,,
12-Nov-2004,0,125,129.29,125,126.7,117749584,0,,,,,,
05-Nov-2004,0,119.25,130.48,118.44,123.54,110524176,0,,,,,,
29-Oct-2004,0,111.57,122.36,111.57,119.15,146785136,0,,,,,,
21-Oct-2004,0,112.56,112.56,109.32,111.23,104629888,0,,,,,,
15-Oct-2004,0,106.58,114.75,105.02,111.67,118560512,0,,,,,,
09-Oct-2004,0,107.5,108.88,105,106.21,99766352,0,,,,,,
01-Oct-2004,0,101.25,108.56,100.06,106.45,111188464,0,,,,,,
24-Sep-2004,0,105.06,105.06,100.49,100.87,115565344,0,,,,,,
17-Sep-2004,0,105.31,106.99,103.13,105.61,107062944,0,,,,,,
10-Sep-2004,0,100.63,104,100,103.38,64965888,0,,,,,,
03-Sep-2004,0,98.25,100.84,97.25,100.41,66198512,0,,,,,,
27-Aug-2004,0,97.38,98.81,94.75,97.83,95322544,0,,,,,,
20-Aug-2004,0,92.69,97.15,92,96.68,104720048,0,,,,,,
13-Aug-2004,0,94.49,96.54,92.2,92.49,100147664,0,,,,,,
06-Aug-2004,0,96.88,98.88,94.46,95.43,100741808,0,,,,,,
30-Jul-2004,0,89.93,97.81,89.51,97.09,115879648,0,,,,,,
23-Jul-2004,0,92.38,93.25,89.08,90.95,100875104,0,,,,,,
16-Jul-2004,0,86.69,92.8,85.27,92.36,147553200,0,,,,,,
09-Jul-2004,0,89.14,90.31,80.31,86.41,123797280,0,,,,,,
02-Jul-2004,0,86.41,89.44,84.95,88.96,167740208,0,,,,,,
25-Jun-2004,0,82.42,85.94,82.27,85.69,137334592,0,,,,,,
18-Jun-2004,0,79.69,82.78,77.85,82.26,114091776,0,,,,,,
11-Jun-2004,0,82.19,83,79.41,79.85,116191808,0,,,,,,
04-Jun-2004,0,79.53,84.14,76.56,81.52,131009088,0,,,,,,
28-May-2004,0,78.13,84.36,77.85,79.03,159550144,0,,,,,,
21-May-2004,0,78.9,79.13,64.45,76.72,136529664,0,,,,,,
14-May-2004,0,80.47,82.34,76.58,79.53,129840704,0,,,,,,
07-May-2004,0,79.24,85.75,79.24,81.55,86362496,0,,,,,,
30-Apr-2004,0,82.78,82.78,78.3,80.41,130753024,0,,,,,,
23-Apr-2004,0,84.38,85.23,82.66,82.92,113033536,0,,,,,,
17-Apr-2004,0,83.44,92.01,79.57,84.28,228798912,0,,,,,,
08-Apr-2004,0,78.88,92.89,78.75,83,147839744,0,,,,,,
02-Apr-2004,0,82.81,83.19,74,78.13,155196672,0,,,,,,
26-Mar-2004,0,81.25,87.5,78.02,82.96,128360704,0,,,,,,
19-Mar-2004,0,80.51,81.67,75.56,81.08,164041856,0,,,,,,
12-Mar-2004,0,82.02,91.02,74.61,78.7,193350848,0,,,,,,
05-Mar-2004,0,79.66,83.98,79.66,82.01,138429952,0,,,,,,
27-Feb-2004,0,79.31,88.59,75.56,79.1,181441600,0,,,,,,
20-Feb-2004,0,84.4,85.31,78.36,79.14,166517440,0,,,,,,
13-Feb-2004,0,87.48,89.22,83.05,84,187496576,0,,,,,,
06-Feb-2004,0,81.88,87.27,80.05,86.85,147686528,0,,,,,,
30-Jan-2004,0,84.38,87.81,78.42,81.45,114580032,0,,,,,,
23-Jan-2004,0,86.48,87.81,78.96,85.33,170885760,0,,,,,,
16-Jan-2004,0,92.17,92.17,85.51,86.31,127734912,0,,,,,,
09-Jan-2004,0,89.84,95.31,87.39,90.95,174453824,0,,,,,,
02-Jan-2004,0,84.77,93.52,84.42,88.54,89674624,0,,,,,,
26-Dec-2003,0,82.27,85.55,81.25,84.3,100757120,0,,,,,,
19-Dec-2003,0,78.91,83.18,78.13,82.2,150893888,0,,,,,,
12-Dec-2003,0,76.56,78.9,76.05,78.63,109433920,0,,,,,,
05-Dec-2003,0,77.5,81.88,73.44,76.73,139995648,0,,,,,,
28-Nov-2003,0,72.62,77.5,69.38,76.97,108888576,0,,,,,,
21-Nov-2003,0,72.23,74.02,71.33,72.99,161398656,0,,,,,,
15-Nov-2003,0,77.34,78.13,71.17,72.21,150093376,0,,,,,,
07-Nov-2003,0,74.3,80.43,74.3,77.85,187085760,0,,,,,,
31-Oct-2003,0,71.36,74.29,69.38,74.04,154076544,0,,,,,,
25-Oct-2003,0,73.98,81.25,68.45,71.49,171660352,0,,,,,,
17-Oct-2003,0,73.45,75.39,71.66,73.99,200309056,0,,,,,,
10-Oct-2003,0,71.58,74.06,57.97,72.34,248557376,0,,,,,,
03-Oct-2003,0,71.41,72.63,69.57,71.25,178229312,0,,,,,,
26-Sep-2003,0,68.31,71.48,66.19,71.12,282003072,0,,,,,,
19-Sep-2003,0,64.77,68.7,62.66,67.5,263937984,0,,,,,,
12-Sep-2003,0,66.56,70.7,64.69,65.03,290080768,0,,,,,,
05-Sep-2003,0,62.5,66.48,59.38,65.59,293212480,0,,,,,,
29-Aug-2003,0,57.62,62.19,47.16,61.34,248135936,0,,,,,,
22-Aug-2003,0,53.72,58.66,53.36,56.9,175030592,0,,,,,,
14-Aug-2003,0,55.16,55.28,53.05,53.39,157973696,0,,,,,,
08-Aug-2003,0,58.21,59.48,54.38,55.59,229171776,0,,,,,,
01-Aug-2003,0,55.31,60.08,54.22,59.01,237671232,0,,,,,,
25-Jul-2003,0,53.13,55.23,50.17,54.95,247797312,0,,,,,,
18-Jul-2003,0,55.86,56.01,52.34,52.96,209403968,0,,,,,,
11-Jul-2003,0,48.29,57.72,47.27,54.92,385608768,0,,,,,,
04-Jul-2003,0,52.1,52.34,44.78,48.38,312445952,0,,,,,,
27-Jun-2003,0,48.05,52.33,47.28,52.04,289226432,0,,,,,,
20-Jun-2003,0,45.93,48.44,45.21,47.72,231184000,0,,,,,,
13-Jun-2003,0,45.34,46.86,44.7,46.42,248062400,0,,,,,,
06-Jun-2003,0,42.97,46.64,42.19,46.08,238127488,0,,,,,,
30-May-2003,0,40.91,43.98,40.17,41.78,294168576,0,,,,,,
23-May-2003,0,47.28,47.61,40.63,40.81,415560960,0,,,,,,
16-May-2003,0,46.22,46.95,43.05,46.78,251878528,0,,,,,,
09-May-2003,0,44.06,47.97,44.06,45.72,289275328,0,,,,,,
02-May-2003,0,45.47,46.09,43.02,45.53,197296000,0,,,,,,
25-Apr-2003,0,47.27,47.5,44.4,45.47,277135488,0,,,,,,
17-Apr-2003,0,42.97,47.56,42.97,46.3,365069760,0,,,,,,
11-Apr-2003,0,67.2,68.75,35.94,41.46,627442432,0,,,,,,
04-Apr-2003,0,65.64,67.5,62.67,67.11,270848768,0,,,,,,
28-Mar-2003,0,69.35,69.64,65.89,66.74,221789632,0,,,,,,
22-Mar-2003,0,63.47,69.83,61.82,69.42,250466048,0,,,,,,
13-Mar-2003,0,56.02,64.81,56.02,63.52,181662144,0,,,,,,
07-Mar-2003,0,67.28,67.5,62.38,62.85,191442816,0,,,,,,
28-Feb-2003,0,66.43,68.2,63.6,66.96,210821696,0,,,,,,
21-Feb-2003,0,66.58,67.72,65.16,66.01,216765504,0,,,,,,
14-Feb-2003,0,69.69,70,64.38,64.86,208125440,0,,,,,,
07-Feb-2003,0,65.94,71.01,65.94,70.12,170115968,0,,,,,,
31-Jan-2003,0,67.73,67.96,65.31,67.19,227038016,0,,,,,,
24-Jan-2003,0,72.03,72.03,68.22,68.5,181374464,0,,,,,,
17-Jan-2003,0,69.05,72.97,66.66,72.19,344951232,0,,,,,,
10-Jan-2003,0,75.52,76.12,68.77,69.5,305166976,0,,,,,,
03-Jan-2003,0,73.98,75.6,73.13,75,205953408,0,,,,,,
27-Dec-2002,0,72.19,75.11,71.27,74.5,167211200,0,,,,,,
20-Dec-2002,0,73.67,73.67,70.94,72.12,240147520,0,,,,,,
13-Dec-2002,0,72.66,75.66,68.94,73,419032960,0,,,,,,
06-Dec-2002,0,71.63,72.97,68.6,70.76,262881088,0,,,,,,
29-Nov-2002,0,71.84,71.95,69.31,71.22,313672320,0,,,,,,
22-Nov-2002,0,67.19,73.01,65.66,72.35,334310784,0,,,,,,
15-Nov-2002,0,62.28,68.36,60.73,67.38,241897344,0,,,,,,
08-Nov-2002,0,60.86,64.28,60.64,62.46,197869376,0,,,,,,
01-Nov-2002,0,58.75,60.86,57.89,60.45,189887360,0,,,,,,
25-Oct-2002,0,60.08,60.47,58.28,58.66,214472256,0,,,,,,
18-Oct-2002,0,59.07,61.05,58.16,59.92,258194368,0,,,,,,
11-Oct-2002,0,54.45,59.38,53.52,58.92,313509760,0,,,,,,
04-Oct-2002,0,54.25,55.03,52.34,54.69,165077504,0,,,,,,
27-Sep-2002,0,54.84,55.14,52.03,54.82,189984704,0,,,,,,
20-Sep-2002,0,55.63,57.56,53.13,54.79,208956032,0,,,,,,
13-Sep-2002,0,55.43,57.93,54.39,55.79,143159744,0,,,,,,
06-Sep-2002,0,56.96,57.25,53.46,55.19,224955264,0,,,,,,
30-Aug-2002,0,53.11,56.79,52.71,56.32,249109056,0,,,,,,
23-Aug-2002,0,50.39,55.39,50.17,55.2,225054784,0,,,,,,
16-Aug-2002,0,49.45,50.77,49.14,50.17,105322304,0,,,,,,
09-Aug-2002,0,47.34,49.84,47.2,49.41,166856704,0,,,,,,
02-Aug-2002,0,47.64,48.98,45.89,46.95,185151872,0,,,,,,
26-Jul-2002,0,48.75,50.44,46.48,47.13,192321664,0,,,,,,
19-Jul-2002,0,51.48,51.48,48.8,49.47,145305024,0,,,,,,
12-Jul-2002,0,53.96,54.38,50.94,51.88,154727744,0,,,,,,
05-Jul-2002,0,51.56,53.86,50.61,53.29,156567104,0,,,,,,
28-Jun-2002,0,48.72,51.48,47.69,51.26,199143680,0,,,,,,
21-Jun-2002,0,53.2,53.81,48.77,49.06,181331520,0,,,,,,
14-Jun-2002,0,51.58,55.47,51.58,52.97,112469376,0,,,,,,
07-Jun-2002,0,53.42,54.52,50.63,50.73,184820224,0,,,,,,
31-May-2002,0,58.92,58.98,52.38,52.95,164462400,0,,,,,,
24-May-2002,0,58.59,59.99,55.55,59.06,125282560,0,,,,,,
17-May-2002,0,59.45,61.53,58.44,59.1,98154368,0,,,,,,
10-May-2002,0,58.67,61.72,57.19,59.58,72562368,0,,,,,,
03-May-2002,0,59.22,59.34,56.59,58.65,80176448,0,,,,,,
26-Apr-2002,0,60.31,62.03,56.88,59.47,114187264,0,,,,,,
19-Apr-2002,0,60.94,62.48,58.83,60.17,136988288,0,,,,,,
12-Apr-2002,0,57.02,61.7,54.89,60.9,206505600,0,,,,,,
05-Apr-2002,0,59.13,59.13,54.62,56.71,168432832,0,,,,,,
28-Mar-2002,0,59.84,62.5,56.97,58.57,109119168,0,,,,,,
22-Mar-2002,0,63.71,63.71,59.45,59.89,155682432,0,,,,,,
15-Mar-2002,0,66.02,67.11,61.91,62.42,253326208,0,,,,,,
08-Mar-2002,0,57.81,66.47,56.6,66.1,270840576,0,,,,,,
01-Mar-2002,0,57.8,60.94,54.52,56.48,169291456,0,,,,,,
22-Feb-2002,0,59.66,59.66,56.42,57.77,120614912,0,,,,,,
15-Feb-2002,0,59.38,61.33,58.13,59.95,151763200,0,,,,,,
08-Feb-2002,0,59.61,61.88,56.89,57.75,209651968,0,,,,,,
01-Feb-2002,0,62.09,62.17,56.77,59.75,205764096,0,,,,,,
25-Jan-2002,0,62.09,63.11,59.38,59.8,175461568,0,,,,,,
18-Jan-2002,0,64.05,65.55,58.21,61.76,268691520,0,,,,,,
11-Jan-2002,0,71.69,76.16,59.77,61.43,308110016,0,,,,,,
04-Jan-2002,0,63.13,70.7,62.29,70.06,252923072,0,,,,,,
28-Dec-2001,0,62.11,64.77,59.26,63,154128448,0,,,,,,
21-Dec-2001,0,66.39,67.15,61.13,62.42,164561984,0,,,,,,
14-Dec-2001,0,71.11,71.84,64.06,65.08,206328640,0,,,,,,
07-Dec-2001,0,58.32,73.05,58.32,70.83,250603712,0,,,,,,
29-Nov-2001,0,57.03,65.46,56.88,60.83,235840320,0,,,,,,
23-Nov-2001,0,51.8,57.77,50.59,55.52,238729792,0,,,,,,
15-Nov-2001,0,46.08,50.79,45.09,50.79,113247040,0,,,,,,
09-Nov-2001,0,43.93,46.86,43.78,45.82,144962944,0,,,,,,
02-Nov-2001,0,47.34,47.73,44.3,45.44,255068096,0,,,,,,
25-Oct-2001,0,48.34,48.44,46.36,47.18,158766912,0,,,,,,
19-Oct-2001,0,48.14,48.4,44.48,46.18,200671744,0,,,,,,
12-Oct-2001,0,37.11,47.09,35.55,46.1,273031168,0,,,,,,
05-Oct-2001,0,37.48,39.13,33.71,38.68,190497216,0,,,,,,
28-Sep-2001,0,33.98,40.39,33.05,36.99,235018944,0,,,,,,
21-Sep-2001,0,44.98,44.98,34.73,34.73,239686144,0,,,,,,
14-Sep-2001,0,52.08,55.23,44.56,45.42,246315392,0,,,,,,
07-Sep-2001,0,55.63,55.82,50.39,51.82,247921216,0,,,,,,
31-Aug-2001,0,56.25,61.78,55.05,55.29,175771776,0,,,,,,
24-Aug-2001,0,53.13,59.83,53.13,59.47,82643328,0,,,,,,
17-Aug-2001,0,57.42,59.59,56.13,57.35,94328448,0,,,,,,
10-Aug-2001,0,60.39,60.61,56.42,57.04,84732160,0,,,,,,
03-Aug-2001,0,56.91,60.92,56.02,60.38,163236032,0,,,,,,
27-Jul-2001,0,57.78,58.52,55.55,56.54,157956736,0,,,,,,
20-Jul-2001,0,57.98,59.38,55.47,58.77,222810880,0,,,,,,
13-Jul-2001,0,55.77,62.34,53.52,57.71,270798080,0,,,,,,
06-Jul-2001,0,59.53,59.53,50,56.86,169284032,0,,,,,,
29-Jun-2001,0,53.3,59.38,50.97,58.57,227843200,0,,,,,,
22-Jun-2001,0,52.81,54.5,49.04,53.63,196603840,0,,,,,,
15-Jun-2001,0,61.22,61.25,52.67,53.2,180298560,0,,,,,,
08-Jun-2001,0,59.06,62.42,52.34,61.6,178757696,0,,,,,,
01-Jun-2001,0,65.39,67.62,57.81,58.69,150961664,0,,,,,,
25-May-2001,0,62.03,66.64,61.48,65.24,162331456,0,,,,,,
18-May-2001,0,60.55,62.61,56.35,61.7,141575680,0,,,,,,
11-May-2001,0,60.16,64.02,58.59,60.76,149332480,0,,,,,,
04-May-2001,0,51.25,64.22,50.97,59.71,139897984,0,,,,,,
27-Apr-2001,0,59.61,62.25,50,50.76,137432640,0,,,,,,
20-Apr-2001,0,44.14,64.25,43.38,59.66,208929088,0,,,,,,
12-Apr-2001,0,61.72,64.04,42.2,44.71,174470208,0,,,,,,
06-Apr-2001,0,63.47,66.06,58.7,62.95,122000768,0,,,,,,
30-Mar-2001,0,64.92,79.38,63.45,63.81,151885952,0,,,,,,
23-Mar-2001,0,72.38,76.56,62.5,65.82,138642432,0,,,,,,
16-Mar-2001,0,75.78,78.05,58.83,73.43,153096896,0,,,,,,
09-Mar-2001,0,71.88,82.97,71.88,76.72,216894400,0,,,,,,
02-Mar-2001,0,88.13,99.22,76.64,77.5,307482432,0,,,,,,
23-Feb-2001,0,97.5,99.09,83.31,87.85,220235648,0,,,,,,
16-Feb-2001,0,100.03,106.25,97.5,98.35,148192576,0,,,,,,
09-Feb-2001,0,106.8,106.8,99.24,100.39,146037888,0,,,,,,
02-Feb-2001,0,105.48,108.43,100,107.24,168547008,0,,,,,,
25-Jan-2001,0,106.17,108.2,103.91,106.05,150566592,0,,,,,,
19-Jan-2001,0,91.02,106.17,90.94,105.47,294774976,0,,,,,,
12-Jan-2001,0,98.63,99.14,86.3,89.53,393444800,0,,,,,,
05-Jan-2001,0,89.14,99.98,85.68,99.71,332009920,0,,,,,,
29-Dec-2000,0,90.23,91.8,84.72,88.97,338294080,0,,,,,,
22-Dec-2000,0,111.04,111.53,90.31,103.91,295556992,0,,,,,,
15-Dec-2000,0,115.55,125.65,112.07,112.54,204386304,0,,,,,,
08-Dec-2000,0,114.22,118.75,110.65,115.5,177604352,0,,,,,,
01-Dec-2000,0,117.16,118.59,110.17,113.88,192544512,0,,,,,,
24-Nov-2000,0,120,121.52,111.72,116.54,145451456,0,,,,,,
17-Nov-2000,0,120.78,122.66,114.3,119.32,165386880,0,,,,,,
10-Nov-2000,0,118.27,125.56,117.27,120.91,190034432,0,,,,,,
03-Nov-2000,0,113.11,118.89,109,118.28,153509632,0,,,,,,
27-Oct-2000,0,111.17,113.91,105,112.51,175063552,0,,,,,,
20-Oct-2000,0,102.48,112.34,95.63,111.31,325557696,0,,,,,,
13-Oct-2000,0,117.19,117.8,101.25,101.83,292526592,0,,,,,,
06-Oct-2000,0,114.45,120.7,111.72,117.72,194242944,0,,,,,,
29-Sep-2000,0,114.52,119.53,109.78,115.02,175880832,0,,,,,,
22-Sep-2000,0,132.06,132.06,108.98,110.02,202011648,0,,,,,,
15-Sep-2000,0,134.38,139.83,130.64,132.78,304189568,0,,,,,,
08-Sep-2000,0,131.25,135.94,128.45,134.1,179888192,0,,,,,,
31-Aug-2000,0,127.19,132.34,119.86,130.11,175710848,0,,,,,,
25-Aug-2000,0,124.98,134.42,121.89,127.44,184352128,0,,,,,,
18-Aug-2000,0,113.98,125.23,112.05,124.55,172070592,0,,,,,,
11-Aug-2000,0,99.52,122.5,98.75,113.06,232948800,0,,,,,,
04-Aug-2000,0,107.03,107.95,97.74,98.83,144598976,0,,,,,,
28-Jul-2000,0,113.47,114.05,99.25,106.96,201348288,0,,,,,,
21-Jul-2000,0,121.09,122.19,110.66,114.83,146303104,0,,,,,,
14-Jul-2000,0,132.97,133.75,120.02,121.41,154436544,0,,,,,,
07-Jul-2000,0,131.09,137.69,130.78,133.36,89693184,0,,,,,,
30-Jun-2000,0,128.13,135.14,122.66,129.85,81848256,0,,,,,,
23-Jun-2000,0,131.25,139.84,124.25,129.05,135865728,0,,,,,,
16-Jun-2000,0,122.27,132.66,116.42,131.1,129641344,0,,,,,,
09-Jun-2000,0,118.75,131.85,118.75,123.99,137736768,0,,,,,,
02-Jun-2000,0,92.38,120.16,87.19,117.72,142411008,0,,,,,,
26-May-2000,0,97.78,98.72,86.33,93.41,171525120,0,,,,,,
19-May-2000,0,106.33,115.83,94.55,100.88,150438528,0,,,,,,
12-May-2000,0,134.36,136.56,105.51,107.2,167670912,0,,,,,,
05-May-2000,0,128.91,136.4,108.4,133.84,114409920,0,,,,,,
28-Apr-2000,0,121.84,132.63,105.96,126.9,82089344,0,,,,,,
20-Apr-2000,0,133.27,137.48,104.23,118.81,77446912,0,,,,,,
13-Apr-2000,0,153.37,165.64,141.42,144.86,47091200,0,,,,,,
07-Apr-2000,0,132.83,142.01,110.17,142.01,63002496,0,,,,,,
31-Mar-2000,0,164.02,171.86,140.09,140.16,39309632,0,,,,,,
24-Mar-2000,0,154.74,180.31,132.98,168.13,51009408,0,,,,,,
16-Mar-2000,0,182.81,190.61,141.93,143.28,37891968,0,,,,,,
10-Mar-2000,0,186.56,217.69,165,182.26,51096960,0,,,,,,
03-Mar-2000,0,139.06,172.81,129.19,172.81,33313664,0,,,,,,
25-Feb-2000,0,153.91,164.06,138.28,140.43,54953024,0,,,,,,
18-Feb-2000,0,167.84,168.75,150.55,154.13,58332864,0,,,,,,
11-Feb-2000,0,123.42,155.4,123.42,155.4,63364864,0,,,,,,
04-Feb-2000,0,117.74,124.22,111.36,123.39,50353984,0,,,,,,
28-Jan-2000,0,106.25,120.3,104.69,118.93,76038080,0,,,,,,
21-Jan-2000,0,99.37,106.17,88.48,104.85,99007232,0,,,,,,
14-Jan-2000,0,102.54,110.75,87.52,95.13,108285824,0,,,,,,
07-Jan-2000,0,122.07,131.84,102.54,102.54,40385792,0,,,,,,
